content_key,show_title,category,first_week,last_week,first_cumulative,max_cumulative,right_censored,long_hit,first_rank,first_week_hours,log_first_week_hours,initial_country_reach
A Tale Dark & Grimm: Season 1,A Tale Dark & Grimm,TV (English),2021-10-17,2021-10-17,1,1,False,0,7,18730000,16.745637127810554,19.0
AlRawabi School for Girls: Limited Series,AlRawabi School for Girls,TV (Non-English),2021-08-15,2021-08-29,1,3,False,0,6,11620000,16.268238395446556,27.0
Alice in Borderland: Season 1,Alice in Borderland,TV (Non-English),2021-09-26,2021-10-24,1,5,False,1,8,10890000,16.203355586736503,13.0
All American: Season 3,All American,TV (English),2021-08-01,2021-08-29,1,5,False,1,2,43970000,17.59901816389977,1.0
Another Life: Season 2,Another Life,TV (English),2021-10-24,2021-10-24,1,1,False,0,9,15760000,16.57298570584578,4.0
Aranyak: Season 1,Aranyak,TV (Non-English),2021-12-19,2021-12-19,1,1,False,0,8,10360000,16.153462891320704,9.0
Arcane: Season 1,Arcane,TV (English),2021-11-14,2021-12-19,1,6,False,1,2,34170000,17.34685865335691,4.0
Atypical: Season 4,Atypical,TV (English),2021-07-11,2021-07-25,1,3,False,0,6,20620000,16.84177208504969,34.0
Bake Squad: Season 1,Bake Squad,TV (English),2021-08-22,2021-08-22,1,1,False,0,6,13220000,16.397241468030778,1.0
Baki Hanma: Season 1,Baki Hanma,TV (Non-English),2021-10-03,2021-10-10,1,2,False,0,6,20090000,16.815732786567125,26.0
Big Mouth: Season 5,Big Mouth,TV (English),2021-11-07,2021-11-21,1,3,False,0,9,19570000,16.78950839047088,13.0
Biohackers: Season 2,Biohackers,TV (Non-English),2021-07-18,2021-07-18,1,1,False,0,10,7500000,15.830413711839864,2.0
Blood & Water: Season 2,Blood & Water,TV (English),2021-10-03,2021-10-03,1,1,False,0,8,15870000,16.57994115551456,11.0
Brand New Cherry Flavor: Limited Series,Brand New Cherry Flavor,TV (English),2021-08-22,2021-08-22,1,1,False,0,8,11140000,16.226052882230015,9.0
Car Masters: Rust to Riches: Season 3,Car Masters: Rust to Riches,TV (English),2021-08-08,2021-08-08,1,1,False,0,10,13930000,16.449555417543493,12.0
Carrossel,Carrossel,TV (Non-English),2021-07-11,2021-09-19,1,10,False,1,9,9790000,16.096872116651735,2.0
Chiquititas,Chiquititas,TV (Non-English),2021-08-01,2021-08-01,1,1,False,0,9,7020000,15.764273918452126,1.0
Christmas Flow: Season 1,Christmas Flow,TV (Non-English),2021-11-21,2021-11-21,1,1,False,0,7,9720000,16.089696279317273,14.0
Clickbait: Limited Series,Clickbait,TV (English),2021-08-29,2021-10-03,1,6,False,1,1,51280000,17.75281139007747,76.0
CoComelon: Season 1,CoComelon,TV (English),2021-09-05,2021-09-05,1,1,False,0,10,9140000,16.028171052839518,2.0
CoComelon: Season 3,CoComelon,TV (English),2021-07-04,2021-10-03,1,5,False,1,9,11430000,16.251752123260054,6.0
CoComelon: Season 4,CoComelon,TV (English),2021-10-24,2021-12-26,1,5,False,1,8,15930000,16.583714744660867,2.0
Cobra Kai: Season 1,Cobra Kai,TV (English),2022-01-02,2022-01-09,1,2,False,0,8,13450000,16.414489738361564,32.0
Cobra Kai: Season 2,Cobra Kai,TV (English),2022-01-09,2022-01-09,1,1,False,0,10,19340000,16.777686099695728,8.0
Cocaine Cowboys: The Kings of Miami: Limited Series,Cocaine Cowboys: The Kings of Miami,TV (English),2021-08-08,2021-08-15,1,2,False,0,5,18890000,16.754143292415755,20.0
Control Z: Season 1,Control Z,TV (Non-English),2021-08-08,2021-08-08,1,1,False,0,7,8580000,15.964944588014255,6.0
Control Z: Season 2,Control Z,TV (Non-English),2021-08-08,2021-08-22,1,3,False,0,2,25430000,17.051440176721936,20.0
Cowboy Bebop: Season 1,Cowboy Bebop,TV (English),2021-11-21,2021-12-05,1,3,False,0,6,21630000,16.889591844161327,30.0
Crime Scene: The Times Square Killer: Limited Series,Crime Scene: The Times Square Killer,TV (English),2022-01-02,2022-01-02,1,1,False,0,9,13070000,16.385830162111496,5.0
D.P.: Season 1,D.P.,TV (Non-English),2021-08-29,2021-09-05,1,2,False,0,7,8430000,15.947307448601993,10.0
Daughter From Another Mother: Season 2,Daughter From Another Mother,TV (Non-English),2021-12-26,2022-01-09,1,3,False,0,7,13040000,16.383532191149893,16.0
Dave Chappelle: The Closer,Dave Chappelle: The Closer,TV (English),2021-10-10,2021-10-10,1,1,False,0,8,14350000,16.47926056985631,4.0
"Demon Slayer: Kimetsu no Yaiba: Tanjiro Kamado, Unwavering Resolve Arc",Demon Slayer: Kimetsu no Yaiba,TV (Non-English),2021-11-07,2021-11-14,1,2,False,0,9,7940000,15.887423959167895,2.0
Dive Club: Season 1,Dive Club,TV (English),2021-09-12,2021-09-12,1,1,False,0,9,11480000,16.256117035963705,18.0
Dynasty: Season 4,Dynasty,TV (English),2021-10-24,2021-11-28,1,6,False,1,6,19970000,16.80974175546711,35.0
EDENS ZERO: Season 1,EDENS ZERO,TV (Non-English),2021-11-28,2021-11-28,1,1,False,0,9,7470000,15.826405690977799,5.0
Elite: Season 1,Elite,TV (Non-English),2021-07-04,2021-07-04,1,1,False,0,6,10530000,16.169738979076914,18.0
Elite: Season 2,Elite,TV (Non-English),2021-07-04,2021-07-04,1,1,False,0,8,10140000,16.131998654746635,11.0
Elite: Season 3,Elite,TV (Non-English),2021-07-04,2021-07-04,1,1,False,0,7,10200000,16.13789837629371,7.0
Elite: Season 4,Elite,TV (Non-English),2021-07-04,2021-08-01,1,5,False,1,1,38720000,17.471866846199095,71.0
Elize Matsunaga: Once Upon a Crime: Season 1,Elize Matsunaga: Once Upon a Crime,TV (Non-English),2021-07-11,2021-07-18,1,2,False,0,6,11700000,16.275099485238066,1.0
Elves: Season 1,Elves,TV (Non-English),2021-11-28,2021-12-05,1,2,False,0,10,6660000,15.71163019266671,20.0
Emily in Paris: Season 1,Emily in Paris,TV (English),2021-12-26,2022-01-02,1,2,False,0,4,18040000,16.708102128031122,53.0
For Life: Season 1,For Life,TV (English),2021-08-15,2021-08-29,1,3,False,0,6,13790000,16.439454322285798,1.0
Gabby's Dollhouse: Season 2,Gabby's Dollhouse,TV (English),2021-08-15,2021-08-22,1,2,False,0,8,13170000,16.393452149649605,8.0
Ganglands: Season 1,Ganglands,TV (Non-English),2021-09-26,2021-10-10,1,3,False,0,4,16260000,16.60421872358455,19.0
Gone for Good: Limited Series,Gone for Good,TV (Non-English),2021-08-15,2021-08-22,1,2,False,0,8,9750000,16.092777945538128,9.0
Good Girls: Season 1,Good Girls,TV (English),2021-09-05,2021-09-05,1,1,False,0,9,9590000,16.076231551134903,13.0
Good Girls: Season 4,Good Girls,TV (English),2021-09-05,2021-09-26,1,4,False,1,2,37580000,17.441982578559493,77.0
Grey's Anatomy: Season 17,Grey's Anatomy,TV (English),2021-10-03,2021-10-17,1,3,False,0,5,18680000,16.74296404429816,1.0
Heist: Season 1,Heist,TV (English),2021-07-18,2021-07-25,1,2,False,0,8,18710000,16.744568751697624,18.0
Hellbound: Season 1,Hellbound,TV (Non-English),2021-11-21,2021-12-12,1,4,False,1,1,43480000,17.587811643216362,71.0
Hit & Run: Season 1,Hit & Run,TV (English),2021-08-08,2021-08-29,1,4,False,1,4,23570000,16.97548531733913,52.0
Hometown Cha-Cha-Cha: Season 1,Hometown Cha-Cha-Cha,TV (Non-English),2021-09-05,2021-12-19,1,16,False,1,7,9630000,16.080393887616463,1.0
Hospital Playlist: Season 2,Hospital Playlist,TV (Non-English),2021-07-18,2021-09-19,1,7,False,1,8,8530000,15.95910003670115,9.0
Hotel Del Luna: Season 1,Hotel Del Luna,TV (Non-English),2021-09-12,2021-09-12,1,1,False,0,10,9980000,16.116093748488044,1.0
House of Secrets: The Burari Deaths: Limited Series,House of Secrets: The Burari Deaths,TV (Non-English),2021-10-17,2021-10-17,1,1,False,0,10,9220000,16.036885703992642,3.0
How to Sell Drugs Online (Fast): Season 3,How to Sell Drugs Online (Fast),TV (Non-English),2021-08-01,2021-08-08,1,2,False,0,3,16470000,16.617051162870276,23.0
Hunter X Hunter (2011): Season 5,Hunter X Hunter (2011),TV (Non-English),2021-08-08,2021-08-08,1,1,False,0,6,9890000,16.107034804711123,2.0
Inside Job: Part 1,Inside Job,TV (English),2021-10-31,2021-10-31,1,1,False,0,9,21240000,16.87139680141899,28.0
Into the Night: Season 2,Into the Night,TV (Non-English),2021-09-12,2021-09-12,1,1,False,0,8,10630000,16.179190844391503,13.0
Jaguar: Season 1,Jaguar,TV (Non-English),2021-09-26,2021-09-26,1,1,False,0,7,11620000,16.268238395446556,3.0
JoJo's Bizarre Adventure: STONE OCEAN,JoJo's Bizarre Adventure,TV (Non-English),2021-12-05,2021-12-05,1,1,False,0,8,13980000,16.453138366300696,7.0
Jurassic World Camp Cretaceous: Season 4,Jurassic World Camp Cretaceous,TV (English),2021-12-05,2021-12-12,1,2,False,0,7,16900000,16.642824239064897,23.0
Katla: Season 1,Katla,TV (Non-English),2021-07-04,2021-07-04,1,1,False,0,9,9190000,16.03362660314579,7.0
Kitz: Season 1,Kitz,TV (Non-English),2022-01-09,2022-01-09,1,1,False,0,9,14650000,16.499950961686732,10.0
Locke & Key: Season 1,Locke & Key,TV (English),2021-10-24,2021-11-07,1,3,False,0,10,15710000,16.569808073885525,27.0
Locke & Key: Season 2,Locke & Key,TV (English),2021-10-24,2021-11-21,1,5,False,1,4,35530000,17.38588799614244,67.0
Lost in Space: Season 1,Lost in Space,TV (English),2021-12-05,2021-12-19,1,3,False,0,4,20920000,16.85621624496214,43.0
Lost in Space: Season 2,Lost in Space,TV (English),2021-12-12,2021-12-12,1,1,False,0,5,15240000,16.53943417383957,1.0
Lost in Space: Season 3,Lost in Space,TV (English),2021-12-05,2021-12-26,1,4,False,1,1,47380000,17.673710777800864,85.0
Love 101: Season 2,Love 101,TV (Non-English),2021-10-03,2021-10-03,1,1,False,0,9,12600000,16.349207451286784,11.0
Love Is Blind: Brazil: Season 1,Love Is Blind: Brazil,TV (Non-English),2021-10-17,2021-10-31,1,3,False,0,7,13770000,16.438002943326477,1.0
Love Is Blind: Season 1,Love Is Blind,TV (English),2021-08-01,2021-08-01,1,1,False,0,7,19370000,16.779236087009405,27.0
Love Never Lies: Season 1,Love Never Lies,TV (Non-English),2021-11-21,2021-11-21,1,1,False,0,9,8370000,15.940164561939964,1.0
Lucifer: Season 1,Lucifer,TV (English),2021-09-19,2021-09-19,1,1,False,0,10,11560000,16.263061507713694,1.0
Lucifer: Season 3,Lucifer,TV (English),2021-07-04,2021-07-04,1,1,False,0,10,9550000,16.072051817168948,8.0
Lucifer: Season 5,Lucifer,TV (English),2021-07-04,2021-09-26,1,5,False,1,6,16890000,16.64223234799061,50.0
Lucifer: Season 6,Lucifer,TV (English),2021-09-12,2021-10-10,1,5,False,1,1,75940000,18.145454125936222,85.0
Luis Miguel - The Series: Season 3,Luis Miguel - The Series,TV (Non-English),2021-10-31,2021-11-07,1,2,False,0,7,9990000,16.11709525072483,9.0
Lupin: Part 2,Lupin,TV (Non-English),2021-07-04,2021-07-25,1,4,False,1,4,20970000,16.858603450565273,56.0
Maid: Limited Series,Maid,TV (English),2021-10-03,2021-12-26,1,13,False,1,2,61080000,17.927695054686676,84.0
Manifest: Season 3,Manifest,TV (English),2021-08-29,2021-09-12,1,3,False,0,3,17740000,16.69133259121549,1.0
Maya and the Three: Limited Series,Maya and the Three,TV (English),2021-10-31,2021-11-07,1,2,False,0,5,34000000,17.341871111992198,2.0
Midnight Mass: Limited Series,Midnight Mass,TV (English),2021-09-26,2021-10-17,1,4,False,1,3,33200000,17.3180604640072,51.0
Money Heist: Part 1,Money Heist,TV (Non-English),2021-09-05,2021-12-19,1,7,False,1,2,22710000,16.938315958115204,5.0
Money Heist: Part 2,Money Heist,TV (Non-English),2021-09-12,2021-12-12,1,3,False,0,3,16720000,16.63211622542944,1.0
Money Heist: Part 3,Money Heist,TV (Non-English),2021-09-05,2021-09-19,1,3,False,0,10,7070000,15.77137117931546,1.0
Money Heist: Part 4,Money Heist,TV (Non-English),2021-09-05,2021-09-26,1,4,False,1,4,14870000,16.51485638568583,3.0
Monsters Inside: The 24 Faces of Billy Milligan: Limited Series,Monsters Inside: The 24 Faces of Billy Milligan,TV (English),2021-09-26,2021-09-26,1,1,False,0,8,15150000,16.533511155926252,7.0
My Name: Season 1,My Name,TV (Non-English),2021-10-17,2021-11-14,1,5,False,1,3,41780000,17.547928338027592,58.0
Narcos: Mexico: Season 1,Narcos: Mexico,TV (English),2021-11-14,2021-11-14,1,1,False,0,8,15570000,16.560856608036254,18.0
Narcos: Mexico: Season 3,Narcos: Mexico,TV (English),2021-11-07,2021-11-28,1,4,False,1,5,28150000,17.15305794807395,40.0
Never Have I Ever: Season 1,Never Have I Ever,TV (English),2021-07-25,2021-07-25,1,1,False,0,5,17400000,16.67198082165602,11.0
Never Have I Ever: Season 2,Never Have I Ever,TV (English),2021-07-18,2021-08-01,1,3,False,0,2,58380000,17.882483940519396,89.0
"Nevertheless,: Season 1","Nevertheless,",TV (Non-English),2021-07-18,2021-10-17,1,7,False,1,9,8130000,15.911071604525215,7.0
"Newly Rich, Newly Poor: Season 1","Newly Rich, Newly Poor",TV (Non-English),2021-07-04,2021-09-26,1,13,False,1,3,28270000,17.15731176504296,19.0
Octonauts: Above & Beyond: Season 1,Octonauts: Above & Beyond,TV (English),2021-09-12,2021-09-12,1,1,False,0,8,11730000,16.277660305881145,
On My Block: Season 4,On My Block,TV (English),2021-10-10,2021-10-17,1,2,False,0,2,63520000,17.966865390646227,56.0
Open Your Eyes: Season 1,Open Your Eyes,TV (Non-English),2021-08-29,2021-08-29,1,1,False,0,8,8220000,15.922080888686857,3.0
Outer Banks: Season 1,Outer Banks,TV (English),2021-08-01,2021-08-29,1,5,False,1,4,26240000,17.08279556014992,46.0
Outer Banks: Season 2,Outer Banks,TV (English),2021-08-01,2021-09-05,1,6,False,1,1,100160000,18.422279475300087,70.0
PAW Patrol: Season 6,PAW Patrol,TV (English),2021-10-10,2021-12-26,1,2,False,0,6,19910000,16.806732726266397,27.0
Pokémon Journeys: The Series: Season 1,Pokémon Journeys: The Series,TV (English),2021-07-04,2021-07-11,1,2,False,0,7,15350000,16.546626097144056,30.0
Queer Eye: Season 6,Queer Eye,TV (English),2022-01-02,2022-01-09,1,2,False,0,7,14420000,16.484126759169204,5.0
Record of Ragnarok: Season 1,Record of Ragnarok,TV (Non-English),2021-07-04,2021-07-04,1,1,False,0,10,9140000,16.028171052839518,5.0
SHAMAN KING: Season 1,SHAMAN KING,TV (Non-English),2021-08-15,2021-08-15,1,1,False,0,3,12970000,16.378149633393626,22.0
Scaredy Cats: Season 1,Scaredy Cats,TV (English),2021-10-10,2021-10-10,1,1,False,0,10,12520000,16.34283800350843,9.0
School of Chocolate: Season 1,School of Chocolate,TV (English),2021-12-05,2021-12-05,1,1,False,0,6,17090000,16.654004113605524,2.0
Selling Sunset: Season 4,Selling Sunset,TV (English),2021-11-28,2021-12-12,1,3,False,0,3,33080000,17.31443945834951,42.0
Selling Tampa: Season 1,Selling Tampa,TV (English),2021-12-19,2021-12-19,1,1,False,0,5,14230000,16.470863040340102,13.0
Sex Education: Season 1,Sex Education,TV (English),2021-09-19,2021-10-03,1,3,False,0,7,14880000,16.51552865457352,12.0
Sex Education: Season 2,Sex Education,TV (English),2021-09-26,2021-10-10,1,3,False,0,6,22030000,16.90791576417117,1.0
Sex Education: Season 3,Sex Education,TV (English),2021-09-19,2021-10-24,1,6,False,1,1,125770000,18.64996540797436,93.0
Sex/Life: Season 1,Sex/Life,TV (English),2021-07-04,2021-08-15,1,7,False,1,1,86730000,18.278310414190674,93.0
Shameless (U.S.): Season 11,Shameless (U.S.),TV (English),2021-10-17,2021-10-17,1,1,False,0,4,23530000,16.973786803202483,1.0
Sharkdog: Season 1,Sharkdog,TV (English),2021-09-12,2021-09-19,1,2,False,0,5,19590000,16.790529840967174,6.0
Sintonia: Season 2,Sintonia,TV (Non-English),2021-10-31,2021-11-07,1,2,False,0,3,25890000,17.06936739035267,2.0
Sky Rojo: Season 2,Sky Rojo,TV (Non-English),2021-07-25,2021-08-01,1,2,False,0,3,12980000,16.378920346281816,13.0
Somos.: Season 1,Somos.,TV (Non-English),2021-07-04,2021-07-11,1,2,False,0,5,11510000,16.258726867579036,1.0
Sophie: A Murder in West Cork: Limited Series,Sophie: A Murder in West Cork,TV (English),2021-07-04,2021-07-04,1,1,False,0,8,12800000,16.36495580701484,14.0
Sweet Tooth: Season 1,Sweet Tooth,TV (English),2021-07-04,2021-07-11,1,2,False,0,4,21350000,16.876562344477314,36.0
The 100: Season 7,The 100,TV (English),2021-09-05,2021-09-12,1,2,False,0,5,13590000,16.42484485971084,1.0
The Baby-Sitters Club: Season 2,The Baby-Sitters Club,TV (English),2021-10-17,2021-10-17,1,1,False,0,9,17030000,16.650487111358775,14.0
The Chair: Season 1,The Chair,TV (English),2021-08-29,2021-08-29,1,1,False,0,4,14020000,16.45599551089739,19.0
The Chestnut Man: Season 1,The Chestnut Man,TV (Non-English),2021-10-03,2021-10-31,1,5,False,1,2,31380000,17.26168133713659,42.0
The Circle: Season 3,The Circle,TV (English),2021-09-19,2021-09-26,1,2,False,0,8,14350000,16.47926056985631,5.0
The Club: Part 1,The Club,TV (Non-English),2021-11-14,2021-11-14,1,1,False,0,8,7860000,15.877297291631844,1.0
The Cook of Castamar: Season 1,The Cook of Castamar,TV (Non-English),2021-07-11,2021-08-29,1,8,False,1,3,16960000,16.646368247290294,1.0
The Five Juanas: Season 1,The Five Juanas,TV (Non-English),2021-10-10,2021-11-14,1,6,False,1,2,39460000,17.490798083900863,55.0
The Girl from Oslo: Season 1,The Girl from Oslo,TV (Non-English),2021-12-26,2022-01-02,1,2,False,0,4,19780000,16.800181934714956,36.0
The Good Doctor: Season 1,The Good Doctor,TV (English),2021-07-18,2021-08-22,1,6,False,1,7,18980000,16.758896403833095,1.0
The Good Doctor: Season 2,The Good Doctor,TV (English),2021-08-01,2021-08-01,1,1,False,0,10,13240000,16.398753184001833,1.0
The King's Affection: Season 1,The King's Affection,TV (Non-English),2021-10-24,2021-12-26,1,10,False,1,10,6950000,15.754252361425857,7.0
The Queen of Flow: Season 1,The Queen of Flow,TV (Non-English),2021-11-21,2022-01-02,1,7,False,1,8,8810000,15.991398111419734,1.0
The Seven Deadly Sins: Dragon's Judgement,The Seven Deadly Sins,TV (Non-English),2021-07-04,2021-10-03,1,4,False,1,2,33240000,17.31926455803576,66.0
The Silent Sea: Season 1,The Silent Sea,TV (Non-English),2021-12-26,2022-01-09,1,3,False,0,3,22230000,16.916953330924635,24.0
The Snitch Cartel: Origins: Season 1,The Snitch Cartel: Origins,TV (Non-English),2021-08-01,2021-09-05,1,6,False,1,5,15150000,16.533511155926252,17.0
The Walking Dead: Season 10,The Walking Dead,TV (English),2021-08-01,2021-08-01,1,1,False,0,9,15050000,16.52688861560434,1.0
The War Next-door: Season 1,The War Next-door,TV (Non-English),2021-07-11,2021-07-25,1,3,False,0,4,13970000,16.452422802815104,11.0
Tiger King 2,Tiger King,TV (English),2021-11-21,2021-11-28,1,2,False,0,2,30030000,17.217707473259544,16.0
Titans: Season 1,Titans,TV (English),2021-12-19,2021-12-19,1,1,False,0,8,10340000,16.15153052375635,10.0
Titans: Season 3,Titans,TV (English),2021-12-12,2021-12-26,1,3,False,0,2,26000000,17.073607134447293,69.0
Too Hot to Handle: Brazil: Season 1,Too Hot to Handle: Brazil,TV (Non-English),2021-07-25,2021-08-08,1,3,False,0,6,9450000,16.061525405290027,13.0
Too Hot to Handle: Season 2,Too Hot to Handle,TV (English),2021-07-04,2021-07-18,1,3,False,0,2,62150000,17.945061392011098,76.0
Top Secret UFO Projects: Declassified: Season 1,Top Secret UFO Projects: Declassified,TV (English),2021-08-08,2021-08-08,1,1,False,0,7,17040000,16.651074138050888,22.0
True Story: Limited Series,True Story,TV (English),2021-11-28,2021-12-12,1,3,False,0,1,48850000,17.704264956923893,62.0
Turning Point: 9/11 and the War on Terror: Season 1,Turning Point: 9/11 and the War on Terror,TV (English),2021-09-05,2021-09-19,1,3,False,0,3,24050000,16.995645596096086,39.0
Valeria: Season 2,Valeria,TV (Non-English),2021-08-15,2021-08-29,1,3,False,0,9,9600000,16.077273760604726,8.0
Virgin River: Season 1,Virgin River,TV (English),2021-07-11,2021-07-25,1,3,False,0,8,13590000,16.42484485971084,3.0
Virgin River: Season 2,Virgin River,TV (English),2021-07-18,2021-07-25,1,2,False,0,9,17000000,16.648723960844016,5.0
Virgin River: Season 3,Virgin River,TV (English),2021-07-11,2021-08-15,1,6,False,1,2,62580000,17.951956312184556,67.0
WWII in Color: Road to Victory: Season 1,WWII in Color: Road to Victory,TV (English),2021-12-26,2022-01-02,1,2,False,0,7,9510000,16.067854539674038,17.0
Where is Marta?: Limited Series,Where is Marta?,TV (Non-English),2021-11-14,2021-11-14,1,1,False,0,6,8640000,15.971913256520972,1.0
"Yo soy Betty, la fea: Season 1","Yo soy Betty, la fea",TV (Non-English),2021-08-29,2021-12-19,1,8,False,1,10,7340000,15.80884953683047,15.0
You: Season 1,You,TV (English),2021-10-17,2021-11-14,1,5,False,1,5,23050000,16.953176370790878,29.0
You: Season 2,You,TV (English),2021-10-24,2021-11-21,1,5,False,1,5,33120000,17.315647917674568,1.0
You: Season 3,You,TV (English),2021-10-17,2021-12-05,1,8,False,1,1,133120000,18.70676154254919,91.0
Young Royals: Season 1,Young Royals,TV (Non-English),2021-07-11,2021-07-11,1,1,False,0,8,9820000,16.099931782163637,2.0
