netflix_title,tmdb_id,tmdb_type,genres,original_language,production_countries,release_date,first_air_date,runtime,episode_run_time,number_of_seasons,number_of_episodes,vote_average,vote_count,popularity
Brazen,916740,movie,"Thriller, Mystery, Drama",en,US,2022-01-13,,94.0,,,,4.806,416,2.648
Don't Look Up,646380,movie,"Comedy, Science Fiction, Drama",en,US,2021-12-08,,138.0,,,,7.057,9624,16.072
Mother/Android,739413,movie,"Science Fiction, Thriller",en,US,2021-12-17,,111.0,,,,5.752,856,3.2187
The Secret Life of Pets 2,412117,movie,"Animation, Comedy, Family, Adventure",en,US,2019-05-24,,86.0,,,,6.948,3407,20.8609
Just Go With It,50546,movie,"Comedy, Romance",en,US,2011-02-10,,117.0,,,,6.706,6221,12.2005
Red Notice,512195,movie,"Action, Comedy, Crime",en,US,2021-11-04,,118.0,,,,6.72,6599,10.9157
Back to the Outback,770254,movie,"Family, Animation, Adventure, Comedy",en,US,2021-12-03,,92.0,,,,7.581,801,5.1479
Tides,760873,movie,"Science Fiction, Thriller",de,"DE, CH",2021-08-26,,104.0,,,,5.718,376,6.9114
Riverdance: The Animated Adventure,756403,movie,"Animation, Fantasy, Music, Adventure, Comedy, Family",en,CA,2021-05-28,,86.0,,,,5.971,105,2.3643
The Clovehitch Killer,544431,movie,"Drama, Mystery, Crime",en,US,2018-11-16,,109.0,,,,6.403,833,4.8425
How I Fell in Love with a Gangster,809972,movie,"Crime, Action, Drama",pl,PL,2022-01-05,,185.0,,,,6.639,205,1.9542
Four to Dinner,832277,movie,"Comedy, Romance",it,IT,2022-01-05,,104.0,,,,6.154,285,1.4493
The Wasteland,800410,movie,"Drama, Horror, Thriller",es,ES,2021-10-12,,91.0,,,,5.202,218,2.6481
Chandigarh Kare Aashiqui,755836,movie,"Drama, Romance",hi,IN,2021-12-10,,117.0,,,,5.961,51,1.1202
Photocopier,858815,movie,"Drama, Mystery, Thriller",id,ID,2021-10-08,,130.0,,,,6.9,277,1.6944
Major Grom: Plague Doctor,529106,movie,"Action, Adventure",ru,RU,2021-04-01,,136.0,,,,6.636,663,3.4723
Minnal Murali,657644,movie,"Action, Comedy, Fantasy",ml,IN,2021-12-16,,158.0,,,,7.171,350,2.4418
Vicky and Her Mystery,754067,movie,"Adventure, Family, Drama",fr,FR,2021-12-15,,84.0,,,,7.116,519,3.0219
Lulli,700127,movie,"Comedy, Romance, Fantasy",pt,BR,2021-12-26,,90.0,,,,5.83,221,1.8465
Sin Nombre,21191,movie,"Drama, Action, Thriller, Crime",es,"MX, US",2009-03-20,,96.0,,,,7.633,798,7.5165
Stay Close,136308,tv,"Drama, Crime, Mystery",en,GB,,2021-12-31,,[],1.0,8.0,6.99,297,6.7345
Cobra Kai,77169,tv,"Action & Adventure, Drama, Comedy",en,US,,2018-05-02,,[],6.0,65.0,8.197,6995,44.0914
The Witcher,71912,tv,"Sci-Fi & Fantasy, Drama, Action & Adventure",en,"US, PL",,2019-12-20,,[],4.0,32.0,7.9,6869,57.0831
Emily in Paris,82596,tv,"Drama, Comedy",en,US,,2020-10-02,,[],6.0,60.0,7.5,1584,33.9774
Cheer,97401,tv,Documentary,en,US,,2020-01-08,,[59],2.0,15.0,7.3,146,5.6466
Manifest,79696,tv,"Sci-Fi & Fantasy, Mystery, Drama",en,US,,2018-09-24,,[42],4.0,62.0,7.615,1845,35.3792
Archive 81,112314,tv,"Drama, Mystery, Sci-Fi & Fantasy",en,US,,2022-01-14,,[],1.0,8.0,7.221,745,6.4735
Café con aroma de mujer,124124,tv,Soap,es,CO,,2021-05-25,,[45],1.0,92.0,7.337,393,6.6994
The Queen of Flow,80240,tv,"Drama, Crime",es,"CO, US",,2018-06-12,,[53],3.0,237.0,8.012,1577,22.5711
Rebelde,12637,tv,"Drama, Comedy",es,MX,,2004-10-04,,[42],3.0,440.0,8.4,5210,30.6234
Single’s Inferno,139798,tv,"Reality, Comedy, Talk",ko,KR,,2021-12-18,,[60],5.0,53.0,7.6,97,18.2521
Our Beloved Summer,135897,tv,"Comedy, Drama",ko,KR,,2021-12-06,,[60],1.0,16.0,8.37,177,8.359
Undercover,86942,tv,"Crime, Drama",nl,"BE, NL",,2019-02-24,,[50],3.0,28.0,7.508,180,11.1024
Money Heist,71446,tv,"Crime, Drama",es,ES,,2017-05-02,,[],3.0,41.0,8.231,19655,28.6715
Carinha de Anjo,95532,tv,"Kids, Family, Drama",pt,BR,,2016-11-21,,[45],1.0,403.0,6.7,7,17.5327
Squid Game,93405,tv,"Action & Adventure, Mystery, Drama",ko,KR,,2021-09-17,,[],3.0,22.0,7.855,17704,43.6147
The Lost Daughter,554230,movie,Drama,en,"GR, IL, GB, US",2021-12-15,,122.0,,,,6.446,1153,7.9707
The Unforgivable,645886,movie,"Drama, Crime",en,"DE, GB, US",2021-11-24,,112.0,,,,7.411,2112,6.9648
Journey 2: The Mysterious Island,72545,movie,"Adventure, Action, Science Fiction",en,US,2012-01-19,,94.0,,,,6.145,4598,10.5835
Seal Team,823610,movie,"Animation, Family",en,ZA,2021-10-28,,98.0,,,,6.9,240,5.5495
The Longest Yard,9291,movie,"Drama, Comedy, Crime",en,US,2005-05-27,,113.0,,,,6.678,3771,14.4485
STAND BY ME Doraemon 2,728754,movie,"Animation, Adventure, Comedy, Science Fiction, Drama, Family, Fantasy",ja,JP,2020-11-20,,96.0,,,,7.819,257,4.221
Queer Eye,76922,tv,Reality,en,US,,2018-02-07,,[50],10.0,80.0,7.384,159,7.2883
The Silent Sea,96777,tv,"Drama, Sci-Fi & Fantasy, Mystery",ko,KR,,2021-12-24,,[45],1.0,8.0,7.595,733,7.8249
Kitz,139799,tv,"Drama, Mystery",de,DE,,2021-12-30,,[43],1.0,6.0,6.882,103,4.4376
Daughter From Another Mother,115857,tv,"Comedy, Drama",es,"MX, US",,2021-01-20,,[40],3.0,27.0,7.638,1258,8.0763
Spider-Man: Homecoming,315635,movie,"Action, Adventure, Science Fiction",en,US,2017-07-05,,133.0,,,,7.3,23809,63.7789
Fast & Furious Presents: Hobbs & Shaw,384018,movie,"Action, Adventure, Comedy",en,US,2019-07-31,,137.0,,,,6.823,7894,20.4638
Death to 2021,911068,movie,"Comedy, TV Movie",en,"GB, US",2021-12-27,,60.0,,,,5.967,307,4.184
Spider-Man,969681,movie,"Science Fiction, Action, Adventure",en,US,2026-07-29,,145.0,,,,7.873,2346,952.532
1000 Miles from Christmas,852590,movie,"Comedy, Romance, Family",es,ES,2021-12-24,,102.0,,,,6.28,134,1.6303
Intervenção,651915,movie,"Crime, Action",pt,BR,2021-12-26,,90.0,,,,6.6,34,0.7585
The Whole Truth,331583,movie,"Drama, Thriller",en,US,2016-03-25,,93.0,,,,6.56,1291,4.6856
Anonymously Yours,899405,movie,"Drama, Romance",es,MX,2021-12-10,,101.0,,,,7.519,378,2.7417
The Hand of God,571224,movie,"Drama, TV Movie",en,US,2004-02-18,,88.0,,,,7.0,3,1.0212
Sooryavanshi,592508,movie,"Action, Crime, Thriller",hi,IN,2021-11-05,,145.0,,,,5.777,182,2.0587
Crime Scene: The Times Square Killer,153588,tv,"Documentary, Crime, Mystery",en,US,,2021-12-29,,[50],1.0,3.0,6.696,112,2.5944
WWII in Color: Road to Victory,153966,tv,"Documentary, War & Politics",en,GB,,2021-12-22,,[50],1.0,10.0,7.532,47,1.5644
The Girl from Oslo,121241,tv,Drama,no,NO,,2021-04-11,,[33],1.0,18.0,0.0,0,4.5652
The Christmas Chronicles,527435,movie,"Comedy, Adventure, Family, Fantasy",en,US,2018-11-22,,104.0,,,,7.154,2427,12.925
A California Christmas: City Lights,882096,movie,"Romance, Comedy, Drama",en,US,2021-12-16,,105.0,,,,6.6,196,1.4959
The Christmas Chronicles: Part Two,654028,movie,"Family, Fantasy, Adventure, Comedy",en,US,2020-11-18,,112.0,,,,6.502,1186,4.032
A Boy Called Christmas,615666,movie,"Family, Adventure, Fantasy",en,GB,2021-11-24,,104.0,,,,7.276,829,4.2913
Grumpy Christmas,882098,movie,Comedy,es,MX,2021-12-21,,87.0,,,,7.6,81,1.1117
David and the Elves,882093,movie,"Family, Fantasy, Comedy",pl,PL,2021-12-06,,106.0,,,,6.136,92,1.5423
Titans,45140,tv,"Animation, Action & Adventure, Comedy, Family, Sci-Fi & Fantasy",en,US,,2013-04-23,,[],9.0,454.0,6.43,723,143.6835
Lost in Space,3051,tv,"Sci-Fi & Fantasy, Comedy",en,US,,1965-09-15,,[60],3.0,83.0,7.25,136,21.642
PAW Patrol,57532,tv,"Animation, Kids",en,"CA, US",,2013-08-12,,[],14.0,567.0,6.975,819,106.0993
CoComelon,209710,tv,"Animation, Kids",en,US,,2023-11-17,,[],6.0,23.0,7.422,32,4.0466
Maid,111141,tv,Drama,en,US,,2021-09-30,,[],1.0,10.0,7.967,978,12.0653
The King's Affection,129478,tv,Drama,ko,KR,,2021-10-11,,[70],1.0,20.0,8.09,300,10.6792
The Shack,345938,movie,"Drama, Family",en,"CA, HK, US",2017-03-02,,132.0,,,,7.513,2289,8.3588
John Wick: Chapter 3 - Parabellum,458156,movie,"Action, Thriller, Crime",en,US,2019-05-15,,131.0,,,,7.439,12025,22.7662
Two,1699574,movie,"Comedy, Drama",mr,IN,2026-05-21,,182.0,,,,0.0,0,1.2965
Bordertown: Mural Murders,716810,movie,Crime,fi,FI,2021-10-27,,107.0,,,,6.621,112,1.7291
Spoiled Brats,671043,movie,Comedy,fr,FR,2021-09-15,,95.0,,,,6.047,611,3.2605
Escape From Mogadishu,607844,movie,"War, Action, Thriller, Drama, History",ko,KR,2021-07-28,,121.0,,,,7.074,215,4.2408
Green Snake,795607,movie,"Animation, Fantasy, Action, Adventure",zh,CN,2021-07-23,,132.0,,,,8.062,389,4.0519
Selling Tampa,139301,tv,Reality,en,US,,2021-12-15,,[30],1.0,8.0,5.3,10,1.6663
Arcane,94605,tv,"Animation, Action & Adventure, Sci-Fi & Fantasy",en,"FR, US",,2021-11-06,,[],2.0,18.0,8.748,6145,52.5241
Aranyak,128217,tv,"Crime, Drama, Mystery",hi,IN,,2021-12-10,,"[41, 40]",1.0,8.0,7.048,62,3.0069
"Yo soy Betty, la fea",16286,tv,"Soap, Comedy, Drama",es,CO,,1999-10-25,,[39],1.0,335.0,8.365,3587,19.0475
Hometown Cha-Cha-Cha,128883,tv,"Comedy, Drama",ko,KR,,2021-08-28,,[78],1.0,16.0,8.2,658,11.6187
The Power of the Dog,600583,movie,"Drama, Western",en,"AU, CA, NZ, GB",2021-10-25,,127.0,,,,6.734,3029,9.8752
Single All The Way,810873,movie,"Romance, Comedy",en,"CA, US",2021-12-02,,99.0,,,,6.407,434,2.6985
A Castle For Christmas,758879,movie,"Comedy, Adventure",en,"GB, US",2021-11-26,,98.0,,,,5.996,364,2.4257
Redemption Day,767304,movie,"Action, Thriller, War",en,"MA, US",2021-01-08,,100.0,,,,5.9,275,3.4953
Bruised,718633,movie,"Drama, Action",en,"GB, US",2021-11-17,,129.0,,,,6.82,486,2.7311
More the Merrier,80616,movie,"Comedy, Romance",en,US,1943-05-13,,104.0,,,,6.975,99,1.9255
The Claus Family,767896,movie,"Family, Fantasy",nl,BE,2020-12-07,,96.0,,,,6.0,149,1.6546
Jurassic World Camp Cretaceous,93741,tv,"Animation, Kids, Action & Adventure, Family",en,US,,2020-09-18,,[24],5.0,49.0,8.016,1914,20.9219
True Story,104399,tv,"Comedy, Reality",fr,FR,,2020-06-26,,[24],2.0,14.0,5.6,5,4.492
Selling Sunset,87826,tv,Reality,en,US,,2019-03-22,,[],9.0,90.0,6.516,62,10.7145
Hellbound,106651,tv,"Drama, Mystery, Sci-Fi & Fantasy",ko,KR,,2021-11-19,,[],2.0,12.0,7.324,1019,9.7352
14 Peaks: Nothing Is Impossible,890825,movie,Documentary,en,"US, GB",2021-11-12,,101.0,,,,7.334,394,4.4332
Love Hard,734265,movie,"Comedy, Romance",en,US,2021-11-05,,105.0,,,,6.923,1642,4.0635
Outlaws,479718,movie,"Action, Crime, Thriller",ko,KR,2017-10-03,,121.0,,,,7.657,567,8.8533
Just Short of Perfect,887645,movie,"Romance, Comedy",pt,BR,2021-11-18,,94.0,,,,6.042,131,2.3908
Dhamaka,888234,movie,"Action, Comedy",te,IN,2022-12-23,,138.0,,,,4.3,20,1.3223
School of Chocolate,137584,tv,Reality,en,US,,2021-11-26,,[40],1.0,8.0,7.186,35,5.2718
Cowboy Bebop,30991,tv,"Animation, Action & Adventure, Sci-Fi & Fantasy, Western",ja,JP,,1998-04-03,,[25],1.0,26.0,8.486,2007,43.0901
You,78191,tv,"Mystery, Crime, Drama",en,US,,2018-09-09,,[],5.0,50.0,8.004,4059,57.8183
Elves,70059,tv,"Animation, Kids",en,,,2015-03-21,,[],5.0,52.0,4.8,4,7.9488
JoJo's Bizarre Adventure,45790,tv,"Animation, Action & Adventure, Sci-Fi & Fantasy",ja,JP,,2012-10-06,,[24],6.0,202.0,8.557,1644,88.1369
The Princess Switch 3: Romancing the Star,785533,movie,"Romance, Comedy",en,US,2021-11-18,,106.0,,,,6.704,475,2.9112
The Croods,49519,movie,"Animation, Adventure, Family, Comedy",en,US,2013-03-15,,99.0,,,,6.946,7681,22.8304
Jack Reacher: Never Go Back,343611,movie,"Action, Thriller, Drama, Crime",en,"CN, US",2016-10-19,,118.0,,,,6.031,5454,18.8419
Extinct,664236,movie,"Animation, Comedy, Family, Adventure",en,"CN, GB, US",2021-02-11,,84.0,,,,6.195,190,7.4861
Central Intelligence,302699,movie,"Action, Comedy",en,"US, CN",2016-06-15,,107.0,,,,6.416,6469,8.1073
Love Me Instead,889300,movie,Drama,tr,"TR, US",2021-11-19,,124.0,,,,6.543,58,1.4609
Earwig and the Witch,683127,movie,"Animation, Fantasy, Family, Music, Comedy",ja,JP,2021-02-03,,83.0,,,,5.856,306,5.9227
Prayers for the Stolen,670981,movie,Drama,es,"MX, DE, BR, CH, US, AR",2021-09-16,,110.0,,,,7.564,196,2.7504
Yara,747688,movie,Drama,it,IT,2021-10-18,,96.0,,,,6.295,442,1.3934
Sinkhole,623135,movie,"Comedy, Drama",ko,KR,2021-08-11,,113.0,,,,6.9,168,4.3807
Narcos: Mexico,80968,tv,"Drama, Crime",en,US,,2018-11-16,,[],3.0,30.0,7.919,1536,26.0974
Tiger King,100698,tv,"Documentary, Crime",en,US,,2020-03-20,,[],2.0,13.0,6.889,601,7.6774
Dynasty,3769,tv,"Soap, Drama",en,US,,1981-01-12,,[46],9.0,220.0,6.519,133,43.9891
EDENS ZERO,104711,tv,"Animation, Comedy, Action & Adventure, Sci-Fi & Fantasy",ja,JP,,2021-04-11,,[24],1.0,50.0,7.67,227,24.8173
The Harder They Fall,618162,movie,Western,en,US,2021-10-22,,137.0,,,,6.614,1240,9.071
Army of Thieves,796499,movie,"Action, Crime, Comedy",en,"DE, US",2021-10-29,,128.0,,,,6.803,2339,7.3118
Trolls,136799,movie,"Adventure, Animation, Comedy, Family, Fantasy",en,US,2016-10-13,,92.0,,,,6.621,3888,12.0768
6 Underground,509967,movie,"Action, Comedy, Thriller",en,"US, CA, AE, IT, HU, UZ",2019-12-10,,128.0,,,,6.33,5281,9.1633
Goosebumps 2: Haunted Halloween,442062,movie,"Comedy, Fantasy, Horror, Family",en,US,2018-10-11,,90.0,,,,6.096,1662,8.954
7 Prisoners,785538,movie,"Drama, Crime",pt,"BR, US",2021-10-22,,93.0,,,,7.084,387,2.1524
The Forgotten Battle,633515,movie,"War, History, Drama",nl,"NL, BE",2021-06-05,,126.0,,,,7.097,791,4.3817
Meenakshi Sundareshwar,828871,movie,"Romance, Drama",hi,IN,2021-11-05,,141.0,,,,5.592,38,1.1219
Locke & Key,86423,tv,"Sci-Fi & Fantasy, Drama, Mystery",en,US,,2020-02-07,,[],3.0,28.0,7.736,1496,17.8656
Big Mouth,74204,tv,"Comedy, Animation",en,US,,2017-09-29,,[27],8.0,81.0,7.607,1253,35.0269
Christmas Flow,135799,tv,Comedy,fr,FR,,2021-11-17,,[52],1.0,3.0,6.4,49,2.7396
Love Never Lies,217309,tv,Reality,pl,PL,,2023-01-25,,[],3.0,23.0,5.9,17,4.1309
Father Christmas Is Back,762469,movie,"Comedy, Family",en,GB,2021-11-07,,105.0,,,,4.607,177,2.7776
211,500919,movie,"Crime, Action, Thriller",en,US,2018-05-30,,86.0,,,,5.256,506,4.399
Army of the Dead,503736,movie,"Crime, Action, Horror",en,US,2021-05-14,,148.0,,,,6.189,4518,9.8613
Passing,14256,movie,"Comedy, Drama",en,US,2006-02-07,,98.0,,,,6.042,131,1.9281
Transformers: The Last Knight,335988,movie,"Action, Adventure, Science Fiction",en,US,2017-06-16,,154.0,,,,6.062,6869,15.9123
Jumanji: The Next Level,512200,movie,"Adventure, Comedy, Fantasy",en,US,2019-12-04,,123.0,,,,6.871,9563,25.4024
Stuck Together,785516,movie,Comedy,fr,"BE, FR",2021-10-20,,126.0,,,,5.912,442,1.8647
Lords of Scam,888917,movie,"Documentary, Crime",fr,FR,2021-11-03,,105.0,,,,6.863,62,1.4988
Fierce,12145,movie,"Comedy, Romance",en,"GB, US",1997-01-23,,93.0,,,,6.175,403,2.5578
Der Fall Collini,570661,movie,"Drama, Thriller",de,DE,2019-04-18,,118.0,,,,7.384,443,2.9122
Doctor (Tamil),673692,movie,"Thriller, Comedy, Action",ta,IN,2021-10-09,,150.0,,,,6.3,60,1.5413
My Name,2317,tv,Comedy,en,US,,2005-09-20,,[],4.0,92.0,7.652,1164,33.0569
Where is Marta?,137899,tv,"Documentary, Crime, Mystery",es,ES,,2021-11-05,,[],1.0,3.0,7.259,27,1.5534
The Five Juanas,133086,tv,"Drama, Mystery, Crime",es,MX,,2021-10-06,,"[34, 35, 37, 38, 39, 40, 41, 42, 43, 49]",1.0,18.0,7.31,274,4.2353
The Club,286822,tv,"Animation, Kids, Action & Adventure, Comedy, Sci-Fi & Fantasy",it,IT,,2025-10-01,,[],1.0,26.0,7.0,20,19.6813
Demon Slayer: Kimetsu no Yaiba,85937,tv,"Animation, Action & Adventure, Sci-Fi & Fantasy",ja,JP,,2019-04-06,,[],5.0,63.0,8.638,7437,20.4691
21 Jump Street,64688,movie,"Action, Comedy, Crime",en,US,2012-03-14,,109.0,,,,6.884,11228,11.9987
Hypnotic,536437,movie,"Mystery, Science Fiction, Thriller",en,"GB, US",2023-05-11,,93.0,,,,6.193,1550,10.4814
The Girl in the Spider's Web,446807,movie,"Action, Crime, Thriller",en,"DE, GB, US",2018-10-25,,115.0,,,,6.164,1554,9.2184
Amina,885110,movie,"War, History, Drama",en,NG,2021-11-04,,120.0,,,,6.41,139,2.5788
Nobody Sleeps in the Woods Tonight 2,871964,movie,"Horror, Thriller, Comedy",pl,PL,2021-10-27,,97.0,,,,4.586,350,2.8377
Monk Comes Down the Mountain,345235,movie,Action,zh,CN,2015-07-03,,113.0,,,,5.158,114,3.3701
The Trip,405815,movie,"Comedy, Fantasy",en,US,2017-08-27,,90.0,,,,5.193,70,4.3246
Maya and the Three,132141,tv,"Animation, Family, Action & Adventure, Comedy, Kids",es,MX,,2021-10-22,,[],1.0,9.0,7.873,334,11.7075
Sintonia,78074,tv,"Drama, Crime",pt,BR,,2019-08-09,,[44],5.0,32.0,8.2,227,5.8524
Luis Miguel - The Series,79008,tv,Drama,es,MX,,2018-04-22,,[60],3.0,27.0,8.0,603,5.2033
Night Teeth,669671,movie,"Horror, Thriller, Action",en,"GB, US",2021-10-20,,107.0,,,,6.428,890,5.3273
Final Score,421658,movie,"Action, Thriller, Adventure, Drama",en,"GB, US",2018-09-07,,105.0,,,,6.094,582,5.9613
King Arthur: Legend of the Sword,274857,movie,"Action, Drama, Fantasy",en,"US, GB",2017-05-09,,126.0,,,,6.558,6167,11.1523
Only Mine,575923,movie,"Thriller, Drama, TV Movie",en,US,2019-01-15,,87.0,,,,5.213,136,1.8259
Bloodshot,338762,movie,"Action, Science Fiction, Adventure",en,"US, CN",2020-03-05,,110.0,,,,6.672,5338,8.0227
A Dog's Journey,522518,movie,"Family, Adventure, Drama",en,"CN, IN, US",2019-05-03,,109.0,,,,8.046,1646,5.885
Venom,335983,movie,"Science Fiction, Action",en,"CN, US",2018-09-28,,112.0,,,,6.824,17532,21.9164
In for a Murder,846167,movie,"Crime, Comedy",pl,PL,2021-06-18,,104.0,,,,6.144,198,1.7571
Nobody Sleeps in the Woods Tonight,681019,movie,"Comedy, Horror",pl,PL,2020-03-20,,102.0,,,,5.223,741,2.8569
Friendzone,869617,movie,"Romance, Comedy",fr,FR,2021-09-29,,88.0,,,,5.815,286,2.3807
The Four of Us,874965,movie,"Comedy, Romance, Drama",de,DE,2021-10-15,,88.0,,,,5.468,111,1.594
Budapest,120467,movie,"Comedy, Drama",en,"US, DE",2014-02-26,,100.0,,,,8.025,16436,22.1709
Grudge,1970,movie,"Horror, Mystery, Thriller",en,US,2004-10-22,,92.0,,,,5.943,3281,7.1968
Inside Job,97727,tv,"Comedy, Animation",en,US,,2021-10-22,,[28],1.0,18.0,8.103,1011,17.3984
Love Is Blind: Brazil,133356,tv,Reality,pt,BR,,2021-10-06,,[57],5.0,56.0,6.419,37,4.6431
The Chestnut Man,127865,tv,"Drama, Crime, Mystery",da,DK,,2021-09-29,,[],2.0,12.0,7.491,729,15.7014
What Happens in Vegas,9029,movie,"Comedy, Romance",en,US,2008-05-07,,99.0,,,,6.118,3374,6.0216
My Little Pony: A New Generation,597316,movie,"Animation, Family, Fantasy, Comedy, Adventure",en,"CA, IE",2021-09-22,,90.0,,,,7.6,351,5.9462
Unfaithful,2251,movie,"Thriller, Drama, Romance",en,"US, CH, DE",2002-05-10,,124.0,,,,6.721,1788,19.3346
Going in Style,353070,movie,"Crime, Comedy",en,US,2017-04-06,,96.0,,,,6.691,3091,7.2258
The Guilty,567748,movie,"Drama, Thriller",en,US,2021-09-24,,89.0,,,,6.424,3238,8.4299
Street Kings,1266,movie,"Action, Crime, Drama, Thriller",en,US,2008-04-10,,109.0,,,,6.7,1793,6.9674
Hotel Transylvania 3: Summer Vacation,400155,movie,"Animation, Comedy, Family, Fantasy",en,US,2018-06-28,,97.0,,,,6.841,4785,13.3611
"My Brother, My Sister",1488041,movie,Drama,en,,2020-01-01,,31.0,,,,0.0,0,0.6557
Confessions of an Invisible Girl,786705,movie,"Comedy, Drama",pt,BR,2021-09-22,,91.0,,,,6.632,246,1.6048
Beauty and the Beast,321612,movie,"Family, Fantasy, Romance",en,US,2017-03-16,,129.0,,,,6.967,16140,25.5899
Sex Education,81356,tv,"Comedy, Drama",en,GB,,2019-01-11,,[],4.0,32.0,8.194,7978,64.1182
Another Life,79130,tv,"Sci-Fi & Fantasy, Drama",en,CA,,2019-07-25,,[45],2.0,20.0,6.112,484,8.9933
Alice in Borderland,110316,tv,"Mystery, Drama, Action & Adventure",ja,JP,,2020-12-10,,[],3.0,22.0,8.092,2811,41.9684
Security,460846,movie,"Action, Thriller, Crime",en,US,2017-03-04,,87.0,,,,6.324,975,4.6363
There's Someone Inside Your House,512025,movie,"Horror, Mystery",en,US,2021-09-24,,96.0,,,,5.328,787,2.9922
Pokémon the Movie: Secrets of the Jungle,662708,movie,"Animation, Adventure, Family, Fantasy",ja,JP,2020-12-25,,101.0,,,,7.2,206,4.6483
Redemption,278,movie,"Drama, Crime",en,US,1994-09-23,,142.0,,,,8.729,31198,105.9697
Titanic,597,movie,"Drama, Romance",en,US,1997-12-18,,194.0,,,,7.9,27647,43.5531
Knight and Day,37834,movie,"Action, Comedy",en,US,2010-06-15,,109.0,,,,6.237,5014,10.3886
Fever Dream,1458968,movie,"Romance, Mystery, Drama",en,,2026-07-31,,51.0,,,,0.0,0,0.9677
Tudo por um Pop Star,551572,movie,"Comedy, Music",pt,BR,2018-10-11,,105.0,,,,7.0,90,0.78
Violet Evergarden the Movie,533514,movie,"Animation, Drama, Fantasy, Romance",ja,JP,2020-09-18,,140.0,,,,8.308,539,8.4718
Shameless (U.S.),34307,tv,"Drama, Comedy",en,US,,2011-01-09,,[],11.0,134.0,8.167,3463,155.0974
Midnight Mass,97400,tv,"Mystery, Drama",en,US,,2021-09-24,,[],1.0,7.0,7.567,1293,13.1547
A Tale Dark & Grimm,133355,tv,"Kids, Action & Adventure, Animation, Comedy, Family",en,"CA, US",,2021-10-08,,[],1.0,10.0,7.0,38,7.3582
On My Block,76747,tv,Comedy,en,US,,2018-03-16,,[],4.0,38.0,8.306,687,7.4822
The Baby-Sitters Club,100412,tv,"Kids, Drama",en,US,,2020-07-03,,[],2.0,18.0,7.908,506,7.8723
Grey's Anatomy,1416,tv,Drama,en,"US, CA",,2005-03-27,,[],23.0,466.0,8.206,11030,207.0534
"Nevertheless,",126035,tv,Drama,ko,KR,,2021-06-19,,[69],1.0,10.0,7.313,230,7.1043
House of Secrets: The Burari Deaths,133359,tv,"Documentary, Crime",hi,IN,,2021-10-08,,[45],1.0,3.0,7.057,79,2.6363
Ride Along 2,323675,movie,"Action, Comedy",en,US,2016-01-14,,102.0,,,,6.254,1826,8.3872
Heat,949,movie,"Crime, Drama, Action",en,US,1995-12-15,,170.0,,,,7.944,8627,26.3789
Mr. & Mrs. Smith,787,movie,"Action, Comedy, Drama, Thriller",en,"US, CH",2005-06-07,,120.0,,,,6.694,11448,22.7487
The Seven Deadly Sins: Cursed by Light,843241,movie,"Animation, Fantasy",ja,JP,2021-07-02,,79.0,,,,7.7,521,3.517
Sounds Like Love,776909,movie,"Comedy, Romance",es,ES,2021-09-29,,110.0,,,,6.368,182,1.7497
Forever Rich,785527,movie,"Crime, Comedy, Drama",nl,NL,2021-10-01,,89.0,,,,6.468,126,1.2247
Thalaivii,1434580,movie,"Romance, Comedy, Drama",ta,IN,2025-07-23,,140.0,,,,6.75,12,1.8079
Luccas Neto em: O Mapa do Tesouro 2,852495,movie,"Adventure, Family, Comedy",pt,BR,2021-07-14,,80.0,,,,6.7,23,0.598
Lucifer,63174,tv,"Crime, Sci-Fi & Fantasy",en,US,,2016-01-25,,"[45, 62]",6.0,93.0,8.429,15651,82.5621
Dave Chappelle: The Closer,879540,movie,Comedy,en,US,2021-10-05,,72.0,,,,7.167,273,2.2557
Scaredy Cats,133064,tv,"Family, Sci-Fi & Fantasy, Comedy, Kids",en,US,,2021-10-01,,[25],1.0,9.0,6.6,81,4.358
Baki Hanma,129600,tv,"Animation, Action & Adventure, Sci-Fi & Fantasy",ja,JP,,2021-09-30,,[24],2.0,39.0,8.064,566,21.0104
Ganglands,130523,tv,"Crime, Action & Adventure",fr,"BE, FR",,2021-09-24,,[45],2.0,12.0,7.104,201,7.3957
The Starling,468225,movie,Drama,en,"CA, US",2021-09-17,,103.0,,,,6.898,334,2.9184
No One Gets Out Alive,740925,movie,"Horror, Mystery, Thriller",en,GB,2021-09-29,,85.0,,,,5.846,761,5.5447
Britney Vs Spears,797594,movie,"Documentary, Music",en,US,2021-09-27,,93.0,,,,6.998,202,1.4374
Intrusion,785752,movie,"Drama, Mystery, Thriller",en,US,2021-09-22,,93.0,,,,5.954,776,3.36
Grown Ups,38365,movie,Comedy,en,US,2010-06-24,,102.0,,,,6.434,6848,27.1969
Kate,11232,movie,"Romance, Comedy, Fantasy",en,US,2001-12-25,,118.0,,,,6.348,1515,5.8027
Man on Fire,9509,movie,"Action, Drama, Thriller",en,"CH, GB, US, MX",2004-04-23,,146.0,,,,7.467,5853,14.2849
Vivo,449406,movie,"Animation, Family, Comedy, Music",en,"US, HK",2021-07-30,,96.0,,,,7.22,789,5.4252
The Father Who Moves Mountains,840427,movie,"Drama, Thriller",ro,"RO, SE",2021-07-23,,108.0,,,,5.8,96,1.5699
Je Suis Karl,683641,movie,"Drama, Thriller",de,"CZ, DE",2021-09-16,,126.0,,,,5.323,62,1.873
The Stronghold,637534,movie,"Thriller, Action, Crime",fr,FR,2021-08-18,,105.0,,,,7.358,1439,3.4283
Freaks – You're One of Us,658777,movie,"Drama, Fantasy, Thriller",de,DE,2020-09-02,,93.0,,,,5.669,388,2.4017
Blood & Water,103411,tv,Drama,en,ZA,,2020-05-20,,[48],4.0,25.0,7.817,328,6.6412
Clickbait,129495,tv,"Drama, Mystery, Crime",en,"AU, US",,2021-08-25,,[],1.0,8.0,7.115,466,5.3629
The Seven Deadly Sins,218843,tv,"Animation, Action & Adventure, Sci-Fi & Fantasy",ja,JP,,2023-10-08,,[24],1.0,36.0,8.055,229,24.186
Love 101,100897,tv,"Comedy, Drama",tr,TR,,2020-04-24,,[45],2.0,16.0,7.7,197,6.4102
Schumacher,855823,movie,Documentary,de,DE,2021-09-14,,112.0,,,,7.269,476,2.1888
Safe House,1522923,movie,"Action, Thriller",en,US,2025-10-30,,90.0,,,,6.451,91,6.467
Nightbooks,739990,movie,"Fantasy, Horror, Family",en,"CA, US",2021-09-15,,101.0,,,,6.111,443,5.115
The Marksman,634528,movie,"Action, Drama, Thriller",en,US,2021-01-15,,108.0,,,,6.773,1768,9.663
Prey,766507,movie,"Thriller, Action, Science Fiction",en,US,2022-08-02,,100.0,,,,7.65,7944,12.9782
Forgotten We'll Be,660943,movie,"Drama, History",es,CO,2020-08-22,,136.0,,,,7.461,152,1.8009
Ankahi Kahaniya,862701,movie,"Drama, Romance",hi,IN,2021-09-17,,110.0,,,,5.8,15,1.105
Blood Red Sky,760883,movie,"Horror, Thriller, Action",de,"DE, GB",2021-07-23,,123.0,,,,6.771,1761,5.4168
Pinkfong & Baby Shark's Space Adventure,649233,movie,"Animation, Family, Music, Science Fiction",ko,KR,2019-12-08,,66.0,,,,4.714,7,1.2329
Xtreme,726429,movie,"Action, Adventure, Crime",es,ES,2021-06-04,,111.0,,,,6.343,271,4.1197
Rurouni Kenshin: The Beginning,672322,movie,"Action, Adventure, Drama, Romance",ja,JP,2021-06-04,,138.0,,,,7.667,560,6.8214
The Circle,97083,tv,Reality,en,US,,2020-01-01,,[50],7.0,90.0,6.805,100,8.7458
Monsters Inside: The 24 Faces of Billy Milligan,132105,tv,"Documentary, Crime",en,,,2021-09-22,,[60],1.0,4.0,6.948,87,1.7079
Good Girls,71715,tv,"Drama, Crime",en,US,,2018-02-26,,[42],4.0,50.0,7.824,709,22.68
Jaguar,127425,tv,"Drama, War & Politics",es,ES,,2021-09-22,,"[42, 51, 37, 48, 41]",1.0,6.0,7.1,93,2.6778
"Newly Rich, Newly Poor",283917,tv,"Drama, Family, Comedy",es,CO,,2025-02-10,,[],1.0,66.0,7.0,21,3.7715
The Equalizer 2,345887,movie,"Action, Thriller, Crime",en,US,2018-07-19,,121.0,,,,6.795,6129,12.5027
Firedrake the Silver Dragon,523366,movie,"Animation, Family, Adventure, Fantasy",en,"BE, DE",2020-10-13,,100.0,,,,6.917,186,4.2574
Afterlife of the Party,785457,movie,"Fantasy, Comedy, Drama",en,US,2021-09-02,,109.0,,,,6.688,494,3.0075
First Kill,760161,movie,"Horror, Thriller",en,"CA, US",2022-07-27,,99.0,,,,6.588,2347,7.8359
JJ+E,726916,movie,"Romance, Drama",sv,SE,2021-09-08,,91.0,,,,5.8,168,1.885
O Candidato Honesto 2,541696,movie,Comedy,pt,BR,2018-08-30,,104.0,,,,5.743,68,0.6876
Ilhados,841793,movie,Drama,pt,BR,2021-01-02,,83.0,,,,4.6,48,1.4646
Love of My Loves,267093,movie,"Romance, Comedy",es,,2014-09-05,,95.0,,,,7.4,67,0.9565
Kung Fu Hustle,9470,movie,"Action, Comedy, Crime, Fantasy",cn,"CN, HK",2004-02-10,,99.0,,,,7.516,3308,16.0624
The Women and the Murderer,866127,movie,"Documentary, Crime",fr,FR,2021-09-09,,92.0,,,,6.239,44,1.7981
Amores perros,55,movie,"Drama, Thriller",es,MX,2000-06-16,,154.0,,,,7.647,2995,8.9441
Turning Point: 9/11 and the War on Terror,131651,tv,"Documentary, War & Politics",en,US,,2021-09-01,,[],1.0,5.0,7.261,142,3.8288
Sharkdog,130688,tv,"Animation, Comedy, Family, Kids",en,SG,,2021-09-03,,[],3.0,21.0,8.042,24,6.223
Hospital Playlist,96102,tv,"Drama, Comedy",ko,KR,,2020-03-12,,[80],2.0,24.0,8.579,177,20.458
Carrossel,46150,tv,"Drama, Comedy, Family",pt,BR,,2012-05-21,,"[40, 50]",1.0,310.0,7.7,17,11.3466
Worth,649394,movie,"History, Drama",en,"CA, GB, US",2021-07-21,,118.0,,,,6.728,389,3.1624
He's All That,347626,movie,"Comedy, Romance",en,US,2021-08-27,,91.0,,,,6.467,1498,7.2331
SAS: Rise of the Black Swan,595743,movie,"Drama, Action, Thriller",en,"HU, NL, CH, GB",2021-08-11,,120.0,,,,5.818,611,5.4842
In Time,49530,movie,"Action, Thriller, Science Fiction",en,US,2011-10-27,,109.0,,,,6.97,12383,16.0481
Noah,86834,movie,"Drama, Adventure",en,US,2014-03-07,,138.0,,,,5.68,6713,9.0176
Sweet Girl,619297,movie,"Action, Thriller, Drama",en,US,2021-08-18,,110.0,,,,6.577,1308,6.807
Monte Carlo,59860,movie,"Adventure, Comedy, Romance",en,US,2011-07-01,,109.0,,,,6.81,2348,3.6166
Invasion,514207,movie,"Science Fiction, Drama, Action",ru,RU,2020-02-27,,129.0,,,,6.874,914,5.417
The Secret Diary of an Exchange Student,760154,movie,"Comedy, Romance",pt,BR,2021-08-18,,96.0,,,,6.503,159,1.5172
Out of my league,664031,movie,"Romance, Comedy",it,IT,2020-10-22,,90.0,,,,6.915,486,1.559
Lassie Come Home,2202,movie,"Family, Adventure, Drama",en,US,1943-12-01,,88.0,,,,6.7,143,3.4887
The 100,48866,tv,"Sci-Fi & Fantasy, Action & Adventure, Drama, Crime",en,US,,2014-03-19,,[42],7.0,100.0,7.879,8764,68.0884
Octonauts: Above & Beyond,132983,tv,"Animation, Kids, Family",en,"CA, US",,2021-09-07,,[],5.0,105.0,8.294,17,9.2882
Dive Club,131830,tv,Drama,en,,,2021-05-29,,[],1.0,12.0,7.1,33,3.9839
Into the Night,93811,tv,Sci-Fi & Fantasy,fr,BE,,2020-05-01,,[37],2.0,12.0,7.126,601,6.7851
Hotel Del Luna,90447,tv,"Sci-Fi & Fantasy, Drama, Comedy",ko,KR,,2019-07-12,,[70],1.0,16.0,8.516,639,12.6221
The Loud House Movie,410113,movie,"Animation, Family, Comedy, Fantasy",en,US,2021-08-20,,83.0,,,,7.232,213,4.0081
The Secret Life of Pets,412117,movie,"Animation, Comedy, Family, Adventure",en,US,2019-05-24,,86.0,,,,6.948,3407,20.8609
Welcome Home Roscoe Jenkins,13490,movie,"Comedy, Drama, Family",en,US,2008-02-08,,114.0,,,,6.042,320,6.4855
Green Lantern,44912,movie,"Adventure, Action, Science Fiction",en,US,2011-06-14,,114.0,,,,5.189,7794,18.0815
Flu,200085,movie,"Action, Science Fiction, Thriller",ko,KR,2013-08-14,,122.0,,,,7.516,1297,4.8905
Black Island,398716,movie,"Crime, Family",en,GB,1979-01-01,,60.0,,,,8.0,2,1.146
Thimmarusu,86140,movie,"History, Drama",te,IN,1962-07-26,,177.0,,,,10.0,1,0.5771
I Don't Know Whether to Slit My Wrists or Leave Them Long,215323,movie,Comedy,es,MX,2013-08-23,,102.0,,,,6.684,68,1.3288
Outer Banks,100757,tv,"Action & Adventure, Mystery",en,US,,2020-04-15,,[],5.0,50.0,8.244,1252,145.6606
D.P.,110534,tv,"Drama, Action & Adventure, Crime",ko,KR,,2021-08-27,,[50],2.0,12.0,8.005,276,12.1478
The Snitch Cartel: Origins,128252,tv,"Crime, Drama",es,CO,,2022-06-14,,[],1.0,60.0,7.926,81,7.315
The Old Ways,752505,movie,"Horror, Fantasy",en,US,2021-04-04,,90.0,,,,6.701,383,2.1946
The Witcher: Nightmare of the Wolf,666243,movie,"Animation, Action, Fantasy",en,"PL, KR, US",2021-08-22,,83.0,,,,7.426,1126,4.9542
The Kissing Booth 3,727745,movie,"Romance, Comedy",en,"GB, US",2021-08-11,,112.0,,,,6.855,2042,4.4094
Tomb Raider,338970,movie,"Action, Adventure, Fantasy",en,"JP, US",2018-03-05,,118.0,,,,6.364,8489,10.8094
The Last Mercenary,729720,movie,"Action, Comedy",fr,FR,2021-07-30,,110.0,,,,6.353,672,3.8642
El infierno,52629,movie,"Action, Crime, Western, Comedy, Drama",es,MX,2010-09-03,,148.0,,,,7.951,810,6.9445
Mimi,1076172,movie,Adventure,sk,SK,2023-02-19,,83.0,,,,0.0,0,1.6135
Bartkowiak,809968,movie,"Action, Thriller",pl,PL,2021-07-28,,91.0,,,,6.031,160,1.7035
Shiny_Flakes: The Teenage Drug Lord,850329,movie,"Documentary, Crime",de,DE,2021-08-02,,96.0,,,,7.497,162,1.4464
The Chair,271267,tv,"Comedy, Drama, Mystery",en,US,,2025-10-12,,[],2.0,8.0,7.118,102,12.9752
For Life,4731,tv,"Family, Comedy",en,US,,2001-01-10,,"[22, 30]",5.0,91.0,6.762,107,20.2537
All American,82428,tv,Drama,en,US,,2018-10-10,,[43],8.0,132.0,8.107,494,42.5894
Hit & Run,124416,tv,"Action & Adventure, Drama, Crime",en,"US, IL",,2021-08-06,,[48],1.0,9.0,6.926,128,5.2488
AlRawabi School for Girls,88516,tv,Drama,ar,JO,,2021-08-12,,[50],2.0,12.0,7.5,556,4.8901
Valeria,101918,tv,"Comedy, Drama",es,ES,,2020-05-08,,[45],4.0,30.0,7.334,253,11.3709
Open Your Eyes,129676,tv,"Sci-Fi & Fantasy, Mystery, Drama",pl,PL,,2021-08-25,,[48],1.0,6.0,6.9,38,3.8233
The Cook of Castamar,115567,tv,"Drama, Soap",es,"ES, US",,2021-02-21,,[50],1.0,12.0,6.947,75,5.1001
Beckett,597433,movie,"Crime, Action, Thriller, Mystery",it,"IT, BR",2021-08-04,,109.0,,,,6.16,751,2.8678
The Girl Next Door,10591,movie,"Comedy, Romance",en,"CH, US",2004-04-09,,110.0,,,,6.751,4161,14.6452
Alvin and the Chipmunks: Chipwrecked,55301,movie,"Comedy, Fantasy, Family, Music, Animation",en,US,2011-12-14,,87.0,,,,5.707,2390,7.6499
Resort to Love,785539,movie,"Romance, Comedy",en,US,2021-07-29,,101.0,,,,7.122,435,2.9072
Sputnik,594718,movie,"Science Fiction, Drama, Horror",ru,RU,2020-07-24,,113.0,,,,6.547,1014,4.9045
Bake Squad,129674,tv,"Family, Reality",en,US,,2021-08-11,,[45],2.0,16.0,6.9,18,2.6192
Gabby's Dollhouse,111474,tv,"Kids, Comedy, Animation, Sci-Fi & Fantasy",en,US,,2021-01-05,,[24],14.0,86.0,7.9,105,23.8378
Brand New Cherry Flavor,129418,tv,"Drama, Mystery, Sci-Fi & Fantasy",en,US,,2021-08-13,,[],1.0,8.0,7.0,317,4.2767
The Good Doctor,71712,tv,Drama,en,US,,2017-09-25,,[],7.0,126.0,8.454,12918,101.5448
Gone for Good,128068,tv,"Crime, Drama, Mystery",fr,,,2021-08-13,,[],1.0,5.0,5.699,78,3.2935
Control Z,102903,tv,Drama,es,MX,,2020-05-22,,[36],3.0,24.0,8.173,2364,8.6501
Aftermath,1081012,movie,"Action, Thriller",en,US,2024-09-27,,95.0,,,,6.2,191,8.0515
The Kissing Booth,454983,movie,"Romance, Comedy",en,GB,2018-05-11,,105.0,,,,7.155,7505,7.0926
The Kissing Booth 2,583083,movie,"Comedy, Romance",en,"GB, US",2020-07-24,,132.0,,,,7.6,5166,5.7345
Dead Man Down,102362,movie,"Thriller, Action, Crime, Drama",en,US,2013-03-08,,118.0,,,,6.168,1589,6.2817
Untold: Malice at the Palace,857497,movie,"Documentary, Crime",en,US,2021-08-10,,69.0,,,,7.248,139,1.4514
The Swarm,46878,movie,"Science Fiction, Horror",en,US,1978-06-26,,116.0,,,,5.031,208,3.257
Rurouni Kenshin: The Final,602063,movie,"Action, Adventure, History, Drama",ja,JP,2021-04-23,,138.0,,,,7.685,561,7.8167
Navarasa,395777,movie,Drama,ta,IN,2005-01-01,,99.0,,,,4.857,7,1.4876
Kingdom: Ashin of the North,845222,movie,"Drama, Fantasy, Thriller",ko,KR,2021-07-23,,92.0,,,,7.105,647,4.7321
Cocaine Cowboys: The Kings of Miami,129206,tv,Documentary,en,,,2021-08-04,,[40],1.0,6.0,6.683,30,1.3958
Virgin River,88324,tv,Drama,en,US,,2019-12-06,,[],7.0,74.0,7.9,606,25.6792
Sex/Life,126280,tv,Drama,en,US,,2021-06-25,,[],2.0,14.0,7.056,1401,26.9657
SHAMAN KING,104699,tv,"Animation, Comedy, Sci-Fi & Fantasy, Action & Adventure",ja,JP,,2021-04-01,,[23],1.0,52.0,8.166,311,15.3093
The Vault,630004,movie,"Drama, Action, Thriller",en,"FR, ES",2021-03-04,,114.0,,,,6.799,1106,6.6745
The Losers,34813,movie,"Action, Adventure, Crime, Mystery, Thriller",en,"US, FR",2010-04-23,,97.0,,,,6.258,2037,9.0918
The Last Letter From Your Lover,638449,movie,"Drama, Romance",en,"CA, GB",2021-07-23,,110.0,,,,7.334,682,5.6796
Wish Dragon,550205,movie,"Animation, Family, Comedy, Fantasy, Romance, Adventure",en,"US, CN, CZ",2021-01-15,,99.0,,,,7.854,1554,10.0897
World Trade Center,1852,movie,"Drama, History, Thriller",en,"US, DE",2006-08-09,,129.0,,,,6.122,1854,4.4848
Top Secret UFO Projects: Declassified,129677,tv,Documentary,en,,,2021-01-19,,[45],1.0,6.0,7.27,248,2.5511
Car Masters: Rust to Riches,82357,tv,Reality,en,US,,2018-09-14,,[40],6.0,48.0,7.463,94,4.544
Hunter X Hunter (2011),46298,tv,"Animation, Action & Adventure, Sci-Fi & Fantasy",ja,JP,,2011-10-02,,[24],3.0,148.0,8.659,2190,99.8607
How to Sell Drugs Online (Fast),88236,tv,"Drama, Comedy, Crime",de,DE,,2019-05-31,,[],4.0,24.0,7.9,965,8.4491
Too Hot to Handle: Brazil,128251,tv,Reality,pt,"MX, BR",,2021-07-21,,[56],2.0,16.0,7.311,61,6.1164
Trollhunters: Rise of the Titans,730840,movie,"Animation, Fantasy, Family, Action, Adventure",en,US,2021-07-21,,106.0,,,,7.6,370,5.1573
Fear Street Part 1: 1994,591273,movie,"Horror, Mystery, Drama",en,US,2021-06-28,,108.0,,,,6.683,2737,7.7062
Fear Street Part 3: 1666,591275,movie,"Mystery, Horror",en,US,2021-07-14,,115.0,,,,7.1,2059,5.1121
Twilight,8966,movie,"Fantasy, Drama, Romance",en,"GB, US",2008-11-20,,122.0,,,,6.275,14635,24.4446
Fear Street Part 2: 1978,591274,movie,"Horror, Mystery, Drama",en,US,2021-07-08,,111.0,,,,7.171,2305,8.8729
The Twilight Saga: Breaking Dawn: Part 2,50620,movie,"Fantasy, Drama, Romance",en,US,2012-11-13,,115.0,,,,6.451,9481,14.6198
The Twilight Saga: New Moon,18239,movie,"Adventure, Fantasy, Drama, Romance",en,US,2009-11-18,,131.0,,,,6.0,9885,17.5237
Chernobyl 1986,827681,movie,"Drama, History, Thriller",ro,RO,2022-06-24,,90.0,,,,7.25,4,2.868
A Perfect Fit,190129,movie,"Crime, Drama, Romance, Thriller",en,US,2005-04-05,,85.0,,,,4.75,12,1.5895
Words Bubble Up Like Soda Pop,579741,movie,"Animation, Romance, Drama",ja,JP,2021-07-22,,88.0,,,,7.341,345,3.9226
Never Have I Ever,100883,tv,"Comedy, Drama",en,US,,2020-04-27,,[],4.0,40.0,8.046,1934,29.5074
Love Is Blind,99353,tv,Reality,en,US,,2020-02-13,,[],10.0,135.0,6.2,112,17.134
The Walking Dead,1402,tv,"Action & Adventure, Drama, Sci-Fi & Fantasy",en,US,,2010-10-31,,[],11.0,177.0,8.083,18145,148.9926
Sky Rojo,117023,tv,"Action & Adventure, Crime, Drama",es,ES,,2021-03-19,,"[26, 22, 27, 31]",3.0,24.0,7.487,557,6.705
Chiquititas,285755,tv,"Action & Adventure, Comedy, Family",pt,PT,,2007-07-20,,[],1.0,217.0,6.6,5,5.4878
Elite,76669,tv,"Crime, Mystery, Drama",es,ES,,2018-10-05,,[],8.0,64.0,8.003,9413,64.2529
The Twilight Saga: Eclipse,24021,movie,"Adventure, Fantasy, Drama, Romance",en,US,2010-06-23,,124.0,,,,6.187,9370,15.9237
The Twilight Saga: Breaking Dawn: Part 1,50619,movie,"Adventure, Fantasy, Romance",en,US,2011-11-16,,117.0,,,,6.184,9394,13.0673
The Guide to the Perfect Family,633954,movie,"Comedy, Drama",fr,CA,2021-07-14,,102.0,,,,6.5,103,1.824
A Classic Horror Story,768334,movie,"Horror, Mystery",it,IT,2021-07-01,,95.0,,,,5.848,1071,4.1749
Deep,1127384,movie,"Horror, Thriller",en,"US, ES, AU, CN, UA",2026-04-30,,107.0,,,,7.116,453,81.2198
Tô Ryca,322994,movie,Comedy,pt,BR,2016-09-22,,110.0,,,,6.372,144,1.4624
Haseen Dillruba,695969,movie,"Romance, Mystery, Thriller",hi,IN,2021-06-30,,136.0,,,,6.784,125,1.8686
Atypical,71578,tv,"Drama, Comedy",en,US,,2017-08-11,,[33],4.0,38.0,8.016,1268,16.9535
Heist,71446,tv,"Crime, Drama",es,ES,,2017-05-02,,[],3.0,41.0,8.231,19655,28.6715
The War Next-door,15521,tv,Comedy,en,US,,2000-07-23,,[30],1.0,13.0,7.0,2,2.1249
Lupin,96677,tv,"Crime, Drama, Mystery",fr,FR,,2021-01-08,,[],3.0,25.0,7.682,2645,31.9373
Gunpowder Milkshake,574060,movie,"Action, Crime, Thriller",en,"FR, DE, US",2021-07-14,,114.0,,,,6.263,1199,6.1432
The Water Man,346687,movie,"Adventure, Fantasy",en,US,2020-09-13,,92.0,,,,6.063,264,2.5388
This Little Love of Mine,806643,movie,"Romance, Comedy",en,AU,2021-04-22,,91.0,,,,6.089,146,2.0531
Fatherhood,607259,movie,"Drama, Comedy",en,"CA, US",2021-06-18,,109.0,,,,7.485,1563,3.792
Rust Creek,561362,movie,"Thriller, Drama, Action, Crime",en,US,2019-01-04,,108.0,,,,6.301,372,2.7573
How I Became a Superhero,641501,movie,"Science Fiction, Adventure, Action, Comedy, Thriller",fr,FR,2020-11-19,,101.0,,,,6.1,561,2.6286
Last Summer,812037,movie,Drama,fr,FR,2023-09-13,,104.0,,,,6.068,256,7.6191
The 8th Night,604360,movie,"Mystery, Thriller, Horror",ko,KR,2021-07-02,,115.0,,,,6.197,170,3.9831
Silver Skates,576920,movie,"Adventure, Drama, Romance, History, Crime, Family",ru,RU,2020-12-10,,136.0,,,,7.529,314,2.5654
Too Hot to Handle,102085,tv,Reality,en,GB,,2020-04-17,,[40],6.0,59.0,6.574,458,23.1853
Elize Matsunaga: Once Upon a Crime,127617,tv,"Documentary, Crime",pt,BR,,2021-07-08,,[50],1.0,4.0,6.5,55,1.6739
Biohackers,100074,tv,"Drama, Sci-Fi & Fantasy, Action & Adventure, Mystery",de,DE,,2020-08-20,,[],2.0,12.0,7.239,396,5.9529
Warcraft,68735,movie,"Action, Adventure, Fantasy",en,US,2016-05-25,,123.0,,,,6.41,7422,11.1426
Mother's Day,353069,movie,"Comedy, Drama, Romance",en,US,2016-04-28,,118.0,,,,5.976,1322,5.314
How to Train Your Dragon: The Hidden World,166428,movie,"Animation, Family, Adventure",en,US,2019-01-03,,104.0,,,,7.751,7265,16.3115
Kung Fu Panda 3,140300,movie,"Animation, Action, Adventure, Comedy, Family",en,"CN, US",2016-01-23,,95.0,,,,6.94,6750,14.7252
The Huntsman: Winter's War,290595,movie,"Action, Adventure, Drama",en,"US, CN",2016-04-06,,114.0,,,,6.296,5109,11.8538
Dynasty Warriors,525660,movie,"Action, Adventure, Fantasy",zh,"CN, HK, JP",2021-04-27,,118.0,,,,5.847,144,3.2047
O Candidato Honesto,254439,movie,Comedy,pt,BR,2014-09-05,,110.0,,,,6.03,186,1.034
Pokémon Journeys: The Series,60572,tv,"Animation, Action & Adventure, Sci-Fi & Fantasy",ja,JP,,1997-04-01,,[],25.0,1235.0,7.988,2244,84.4889
Sweet Tooth,103768,tv,"Drama, Sci-Fi & Fantasy",en,US,,2021-06-04,,[],3.0,24.0,7.74,1645,20.0543
Young Royals,125910,tv,Drama,sv,SE,,2021-07-01,,[45],3.0,18.0,8.5,1225,10.152
Somos.,126386,tv,Drama,es,MX,,2021-06-30,,"[45, 71]",1.0,6.0,7.49,157,4.559
The Ice Road,646207,movie,"Action, Thriller",en,"CA, US",2021-06-24,,108.0,,,,6.745,1957,8.0778
Good on Paper,823461,movie,"Comedy, Romance",en,US,2021-06-23,,92.0,,,,5.576,344,1.8592
Fatale,549514,movie,"Drama, Thriller",en,US,2020-12-18,,102.0,,,,6.046,394,4.434
Skylines,560144,movie,"Science Fiction, Action, Thriller",en,"LT, ES, AE, GB, US",2020-10-25,,113.0,,,,5.555,620,4.748
The Mitchells vs. The Machines,501929,movie,"Animation, Adventure, Comedy",en,"HK, US",2021-04-22,,110.0,,,,7.83,3475,14.2147
Security,460846,movie,"Action, Thriller, Crime",en,US,2017-03-04,,87.0,,,,6.324,975,4.6363
Murder by the Coast,830645,movie,"Documentary, Crime, History, Mystery",es,ES,2021-06-23,,88.0,,,,6.387,53,0.9076
Rurouni Kenshin: Origins,127533,movie,"Adventure, Action, Fantasy, War, History",ja,JP,2012-08-25,,134.0,,,,7.535,939,5.7012
Prime Time,1026300,movie,,bn,IN,2015-09-18,,123.0,,,,0.0,0,0.9885
Sophie: A Murder in West Cork,126396,tv,"Documentary, Crime, Mystery",en,GB,,2021-06-30,,[65],1.0,3.0,6.398,49,1.4462
Katla,104157,tv,"Drama, Mystery, Sci-Fi & Fantasy",is,IS,,2021-06-17,,[45],1.0,8.0,6.927,415,4.6634
Record of Ragnarok,114868,tv,"Action & Adventure, Animation, Sci-Fi & Fantasy",ja,JP,,2021-06-17,,[],4.0,42.0,8.399,1913,17.0435
